ID,Name,DOB,Email,Address,Subjects,Created At
T0001,Robert Boyd,1967-10-17,lauren84@example.com,"912 Jimenez Drives Hickmanburgh, TN 93569","COMPUTER, PHYSICS, PHYSIOLOGY",2023-12-09
T0002,Ryan Silva,1989-08-17,erikamckinney@example.com,"0877 Mendez Meadows Mejiaberg, IL 70118","PHYSICS, PHYSIOLOGY",2021-04-29
T0003,Patrick Davis,1964-03-01,sherri19@example.com,"2157 Young Pine Jenniferborough, AK 39632","CHEMISTRY, PHYSICS",2022-03-27
T0004,Ashley Lowery,1974-05-31,adamsjennifer@example.org,"0373 Moore Views Apt. 714 Masonton, VT 38098","PHYSIOLOGY, MATH, CHEMISTRY",2020-02-16
T0005,Melissa Richard,1984-04-27,caitlinwright@example.org,"0450 Kyle Ferry Robertsonview, AR 53945","COMPUTER, PHYSICS, CHEMISTRY",2022-02-15
T0006,Kelly Mendez,1998-05-07,brownmonique@example.net,"7837 Sarah Village Suite 932 West Joyce, MD 35151",COMPUTER,2022-02-13
T0007,Travis Welch,1979-02-16,stephaniemartinez@example.net,"8185 Chad Center Suite 424 Alexandraburgh, WA 75706","MATH, PHYSIOLOGY, CHEMISTRY",2022-09-04
T0008,Gregory Velasquez,1974-01-31,hansenjames@example.com,"1545 George Isle Apt. 876 Smithport, HI 47595","MATH, RELIGION, COMPUTER",2021-06-07
T0009,Michael Nielsen,1975-08-31,warrenlisa@example.net,"82947 Anderson Oval Suite 146 New Steven, GA 47569","MATH, RELIGION, CHEMISTRY",2020-04-25
T0010,Douglas James,1991-12-03,grace88@example.org,"398 Bowman Cliff Royside, MA 80162","MATH, CHEMISTRY",2022-06-07
T0011,Deborah Schneider,1987-09-14,angeladean@example.org,"45458 Norman Tunnel Apt. 258 Vanceview, MS 73134","MATH, RELIGION, COMPUTER",2021-03-24
T0012,Robert Phillips,1989-11-08,castillojamie@example.net,"368 Rachel Ferry Suite 378 North Kathy, VI 71224","COMPUTER, MATH",2022-04-01
T0013,Calvin Jackson,1965-06-15,patricia75@example.com,"Unit 4696 Box 6574 DPO AE 48337","RELIGION, COMPUTER, CHEMISTRY",2020-01-30
T0014,Nicole Wilson,1980-06-06,susan75@example.net,"7877 Butler Burgs North Nancyton, AK 21591","MATH, CHEMISTRY, RELIGION",2022-02-08
T0015,Jennifer Allen,1998-04-03,sloanjoshua@example.com,"65973 Antonio Avenue Apt. 125 West Jonathan, GA 73687","PHYSICS, PHYSIOLOGY, RELIGION",2020-08-15
T0016,George Morris,1978-02-20,christinefisher@example.net,"40374 Jones Canyon Suite 915 West Robin, CT 02264","CHEMISTRY, PHYSICS, COMPUTER",2024-05-11
T0017,Jon West,1979-01-24,carla00@example.org,"3247 Price Crescent Apt. 127 Lake Susan, MS 14340",PHYSIOLOGY,2023-11-10
T0018,Karla Wilson,1987-12-22,courtney71@example.org,"318 Ramirez Square Apt. 205 Baldwinmouth, IL 76344","RELIGION, CHEMISTRY, PHYSIOLOGY",2021-11-05
T0019,Brittney Martinez,1978-05-17,oallen@example.com,"48102 Jay Parks Apt. 141 North Ruthborough, OH 21349","PHYSIOLOGY, RELIGION",2020-01-10
T0020,Walter Cisneros,1983-11-01,eddievance@example.org,"842 Powell Forges Port Thomasbury, VA 61962","PHYSIOLOGY, MATH",2020-12-19
T0021,Tonya Miller,1970-02-10,rogerslee@example.net,"37433 Brandi Mill Suite 509 Ayersfort, RI 86606","PHYSICS, COMPUTER",2021-01-14
T0022,Joseph Parker,1987-09-07,washingtonapril@example.net,"4978 Kenneth Vista Perezstad, NE 76138","CHEMISTRY, PHYSIOLOGY, RELIGION",2024-08-19
T0023,Bailey Gonzalez,1989-11-08,vjohnson@example.com,"54191 Mark River Suite 223 South Ashleyside, RI 50324",COMPUTER,2023-04-19
T0024,Michele Tucker,1991-06-26,angelica52@example.org,"2407 Baird Gardens Suite 070 East Allenfort, CT 58164",RELIGION,2021-01-19
T0025,Craig Welch,1968-01-28,evance@example.org,"Unit 7170 Box 8938 DPO AA 92731","CHEMISTRY, MATH",2022-09-04
