97909,Emma Williams,102,726 Locust Ave,+1 221-118-1898,2024-02-27
45183,Sophia Miller,202,554 Birch Ln,+1 875-150-8725,2024-03-06
48644,Abigail Garcia,302,982 Birch Ln,+1 767-107-3201,2024-03-09
50020,Amelia Johnson,101,400 Locust Pkwy,+1 342-703-9649,2024-03-01
44528,Olivia Williams,202,652 Oak Pl,+1 222-517-4174,2024-03-01
86931,Emma Brown,302,412 Poplar Blvd,+1 347-275-4205,2024-02-17
92630,Isabella Miller,201,782 Pine Rd,+1 356-448-1284,2024-02-10
33743,Abigail Hernandez,201,201 Pine St,+1 676-479-2037,2024-03-07
16326,Sophia Garcia,302,156 Birch Pl,+1 406-966-1321,2024-02-14
32081,Olivia Williams,301,798 Cedar Ln,+1 223-371-7391,2024-02-25
58300,Evelyn Brown,201,817 Locust Cir,+1 770-705-9558,2024-03-01
85661,Sophia Brown,201,758 Willow Way,+1 570-341-5548,2024-02-19
23822,Abigail Davis,301,584 Cedar Pkwy,+1 779-560-9821,2024-02-28
14945,Mia Smith,202,498 Elm Pl,+1 711-590-5547,2024-02-15
43088,Mia Miller,301,528 Locust Blvd,+1 300-281-3914,2024-02-15
10283,Mia Johnson,202,842 Maple Trl,+1 248-334-9139,2024-02-13
63106,Ava Miller,102,427 Pine Pl,+1 258-862-4965,2024-02-25
57982,Charlotte Smith,302,569 Cedar Way,+1 669-192-3826,2024-03-06
60552,Emma Jones,102,641 Locust Trl,+1 621-506-8769,2024-03-07
63766,Abigail Jones,301,621 Hickory Rd,+1 556-473-8961,2024-03-10
69044,Amelia Williams,301,343 Pine Pl,+1 775-384-2565,2024-02-14
10012,Sophia Garcia,301,160 Hickory Blvd,+1 681-474-9488,2024-02-28
75549,Emma Miller,201,236 Cedar Cir,+1 557-679-3509,2024-02-19
63849,Emma Lopez,202,961 Willow Rd,+1 630-722-1293,2024-02-17
32965,Isabella Garcia,202,222 Maple Pkwy,+1 464-763-2016,2024-02-17
90695,Emma Hernandez,102,538 Elm St,+1 843-550-8022,2024-02-29
89528,Sophia Smith,202,906 Poplar Rd,+1 570-756-1612,2024-03-09
75172,Amelia Williams,101,203 Hickory Pkwy,+1 522-539-1802,2024-02-10
87013,Ava Jones,101,173 Birch Ave,+1 367-795-2147,2024-02-17
83541,Sophia Williams,201,327 Willow Blvd,+1 465-257-2180,2024-02-11
29203,Evelyn Garcia,201,156 Hickory Ln,+1 374-120-7232,2024-02-22
55884,Isabella Williams,301,657 Oak Pkwy,+1 373-177-6681,2024-03-06
36592,Mia Davis,302,130 Hickory Cir,+1 756-821-8269,2024-03-09
18097,Olivia Davis,201,668 Birch Cir,+1 883-374-2557,2024-02-20
15010,Isabella Jones,101,154 Locust Ln,+1 446-920-1809,2024-03-11
98588,Olivia Lopez,201,397 Birch Blvd,+1 582-908-6423,2024-02-24
96905,Charlotte Johnson,302,874 Willow St,+1 457-713-5653,2024-02-26
48497,Abigail Lopez,301,154 Pine Ln,+1 737-386-1264,2024-02-23
33454,Emma Johnson,302,999 Hickory Blvd,+1 590-324-6390,2024-03-09
22106,Evelyn Garcia,202,191 Maple Pl,+1 814-921-5159,2024-02-27
97322,Ava Lopez,101,912 Cedar Pkwy,+1 496-889-8575,2024-02-13
55494,Isabella Brown,102,553 Elm Blvd,+1 700-679-1527,2024-03-03
11432,Emma Smith,201,732 Locust Ln,+1 854-970-5480,2024-02-29
42966,Olivia Johnson,202,714 Maple Rd,+1 457-335-9385,2024-02-27
28409,Charlotte Brown,201,662 Locust Pkwy,+1 584-217-6556,2024-03-05
35633,Evelyn Miller,302,279 Hickory St,+1 407-224-7915,2024-02-27
78673,Amelia Johnson,302,621 Hickory Ave,+1 469-654-1767,2024-03-03
38560,Mia Williams,302,681 Birch Pkwy,+1 713-250-3361,2024-02-28
92170,Amelia Davis,202,714 Pine Pkwy,+1 566-636-1951,2024-02-23
99052,Isabella Miller,101,226 Pine Ave,+1 823-550-7423,2024-02-12
57195,Abigail Johnson,202,782 Elm Trl,+1 381-425-7240,2024-02-28
76172,Charlotte Davis,101,805 Elm Cir,+1 217-356-4649,2024-02-15
58656,Charlotte Williams,202,314 Birch Way,+1 237-882-9024,2024-02-14
17330,Abigail Miller,301,611 Locust Trl,+1 501-703-3347,2024-03-05
75609,Mia Smith,301,912 Elm Trl,+1 541-527-9965,2024-02-20
44427,Isabella Johnson,102,172 Willow Ln,+1 766-179-9491,2024-02-28
61512,Sophia Jones,101,507 Maple Ln,+1 780-538-1652,2024-02-21
78082,Ava Smith,302,490 Oak Blvd,+1 700-196-1152,2024-03-06
48828,Emma Lopez,101,763 Elm Cir,+1 407-654-3558,2024-02-21
14737,Mia Lopez,302,974 Hickory Cir,+1 679-644-6379,2024-02-28
61742,Evelyn Smith,301,817 Cedar Rd,+1 224-227-9372,2024-03-01
24944,Mia Garcia,102,919 Birch Pkwy,+1 707-365-8124,2024-02-16
15911,Amelia Miller,201,213 Hickory Pl,+1 915-161-8175,2024-02-12
34676,Emma Jones,201,476 Cedar Blvd,+1 911-721-3554,2024-02-22
86098,Mia Davis,101,800 Maple Pl,+1 894-709-7191,2024-03-05
50890,Sophia Jones,101,655 Elm Pkwy,+1 386-167-6516,2024-02-26
10821,Ava Smith,101,131 Hickory Blvd,+1 525-314-3007,2024-02-22
74834,Emma Williams,301,963 Poplar Ave,+1 844-765-2467,2024-02-20
19678,Abigail Williams,101,782 Poplar Pl,+1 699-260-7214,2024-02-19
82504,Olivia Miller,302,769 Willow Pkwy,+1 404-119-7089,2024-02-15
96829,Emma Lopez,202,869 Cedar St,+1 629-313-4083,2024-03-05
67585,Emma Brown,201,861 Willow St,+1 874-564-8280,2024-03-08
89168,Charlotte Smith,102,646 Cedar Pkwy,+1 393-664-5872,2024-02-24
16790,Charlotte Garcia,201,155 Locust Pkwy,+1 682-864-3731,2024-03-01
53177,Charlotte Johnson,301,507 Pine Blvd,+1 668-231-8347,2024-02-11
63749,Amelia Jones,302,359 Oak Trl,+1 793-615-2984,2024-03-07
11879,Isabella Garcia,102,913 Elm Pkwy,+1 489-802-8457,2024-02-20
55491,Ava Lopez,201,623 Willow St,+1 472-802-9671,2024-02-11
55175,Ava Williams,201,625 Elm Pkwy,+1 854-538-1642,2024-02-23
40921,Amelia Miller,102,717 Pine Ave,+1 643-218-2818,2024-03-06
36983,Amelia Miller,102,885 Pine Way,+1 726-997-7971,2024-03-05
76422,Mia Brown,301,702 Maple Pl,+1 265-648-3184,2024-03-08
58090,Charlotte Lopez,302,707 Pine Rd,+1 428-643-5510,2024-02-18
18077,Sophia Johnson,102,179 Locust Blvd,+1 471-586-5047,2024-03-02
63015,Ava Miller,302,263 Locust Cir,+1 805-248-9426,2024-02-19
27977,Olivia Lopez,201,209 Pine Way,+1 905-343-9517,2024-02-28
79537,Emma Miller,101,329 Cedar Pl,+1 895-808-5343,2024-03-06
15193,Abigail Garcia,201,690 Hickory Way,+1 351-160-7674,2024-03-11
22826,Abigail Brown,101,616 Oak Way,+1 490-231-4811,2024-02-10
22912,Sophia Lopez,101,441 Willow Cir,+1 280-922-1622,2024-02-10
54455,Ava Hernandez,102,775 Oak Pl,+1 239-766-3774,2024-03-03
62078,Isabella Hernandez,302,168 Maple Pl,+1 729-731-2254,2024-03-11
39566,Evelyn Davis,202,447 Poplar Pl,+1 844-917-1353,2024-03-03
74789,Ava Smith,102,580 Maple Ln,+1 633-887-6900,2024-03-03
98969,Charlotte Hernandez,101,298 Poplar Pkwy,+1 426-336-1404,2024-02-28
31745,Sophia Davis,102,238 Willow Pkwy,+1 809-532-1910,2024-03-08
10001,Ali,101,Hofuf,0549282891,2024-03-15
1002,Sami,102,Hofuf,0549282891,2024-03-15
10003,Faris,101,Hofuf,0549282891,2024-03-16
10001,Ali,104,Hofuf,0549282891,2024-03-16
10005,Majed,101,Hofuf,0549282891,2024-03-16
10006,Fahmi,102,Hofuf,0549282891,2024-03-16
10007,Nabeel,103,Hofuf,0549282891,2024-03-16
10008,Mousa Mohammed,103,Hofuf,0549282891,2024-04-09
1100,Salem,102,Hofuf,0549282891,2024-03-16
2222,Salem bin Subhi,101,Hofuf,0549282891,2024-03-16
0011,Ali Almohammed Saleh,102,Hofuf,0549282891,2024-03-17
0022,Faris Alshawaf,103,Hofuf,0549282891,2024-03-18
1212,Sameer,103,Hofuf,0549282891,2024-04-09
9999,Test,202,Hofuf,0549282891,2024-03-20
3333,Mohammed Ali,103,Hofuf,0549282891,2024-03-23
2002,Henry B. Cardo,103,Hofuf,0549282891,2024-03-23
2003,Norman W. O'brien,103,Hofuf,0549282891,2024-03-23
2004,William Johns,101,Hofuf,0549282891,2024-03-23
2005,Marwan Zag,102,Hofuf,0549282891,2024-03-23
2006,Muhan Almuhana,102,Hofuf,0549282891,2024-03-23
2007,Dragon Attack,104,Hofuf,0549282891,2024-03-23
20002,Markus bin Locke,102,Hofuf,0549282891,2024-03-23
3003,Mohammed Albutayan,204,Hofuf,0549282891,2024-03-26
3004,Hussain Qusai Alahmed,204,Hofuf,0549282891,2024-03-26
2233,Salman bin Salem Alsulaiman,104,Hofuf,0549282891,2024-04-05
4343,Test Me Now,101,Hofuf,0549282891,2024-04-09
5454,Wajdy,102,Hofuf,0549282891,2024-04-09
1018913358,Ali Abdullah Almohammed Saleh,202,Hofuf,0549282891,2024-04-12
